,local_timestamp,asks[0].price,asks[0].amount,bids[0].price,bids[0].amount,asks[1].price,asks[1].amount,bids[1].price,bids[1].amount,asks[2].price,asks[2].amount,bids[2].price,bids[2].amount,asks[3].price,asks[3].amount,bids[3].price,bids[3].amount,asks[4].price,asks[4].amount,bids[4].price,bids[4].amount,asks[5].price,asks[5].amount,bids[5].price,bids[5].amount,asks[6].price,asks[6].amount,bids[6].price,bids[6].amount,asks[7].price,asks[7].amount,bids[7].price,bids[7].amount,asks[8].price,asks[8].amount,bids[8].price,bids[8].amount,asks[9].price,asks[9].amount,bids[9].price,bids[9].amount,asks[10].price,asks[10].amount,bids[10].price,bids[10].amount,asks[11].price,asks[11].amount,bids[11].price,bids[11].amount,asks[12].price,asks[12].amount,bids[12].price,bids[12].amount,asks[13].price,asks[13].amount,bids[13].price,bids[13].amount,asks[14].price,asks[14].amount,bids[14].price,bids[14].amount,asks[15].price,asks[15].amount,bids[15].price,bids[15].amount,asks[16].price,asks[16].amount,bids[16].price,bids[16].amount,asks[17].price,asks[17].amount,bids[17].price,bids[17].amount,asks[18].price,asks[18].amount,bids[18].price,bids[18].amount,asks[19].price,asks[19].amount,bids[19].price,bids[19].amount,asks[20].price,asks[20].amount,bids[20].price,bids[20].amount,asks[21].price,asks[21].amount,bids[21].price,bids[21].amount,asks[22].price,asks[22].amount,bids[22].price,bids[22].amount,asks[23].price,asks[23].amount,bids[23].price,bids[23].amount,asks[24].price,asks[24].amount,bids[24].price,bids[24].amount
0,1722470402038431,0.0110436,121492.0,0.0110435,103687.0,0.0110438,4663.0,0.0110433,36226.0,0.0110444,59430.0,0.0110432,363479.0,0.0110445,41330.0,0.0110431,151775.0,0.0110446,39907.0,0.0110429,36226.0,0.0110447,82496.0,0.0110425,36226.0,0.0110448,66092.0,0.0110423,116549.0,0.0110449,38544.0,0.0110421,36226.0,0.011045,175716.0,0.011042,238607.0,0.0110452,85216.0,0.0110419,261840.0,0.0110453,39165.0,0.0110418,102775.0,0.0110454,193001.0,0.0110417,37721.0,0.0110455,221020.0,0.0110415,20000.0,0.0110456,86025.0,0.0110414,155832.0,0.0110457,27281.0,0.0110413,127375.0,0.0110459,38954.0,0.0110412,197985.0,0.011046,156647.0,0.0110411,102775.0,0.0110461,1040.0,0.011041,99076.0,0.0110463,498781.0,0.0110409,91285.0,0.0110464,168128.0,0.0110408,90928.0,0.0110465,457881.0,0.0110407,42480.0,0.0110466,798041.0,0.0110406,100571.0,0.0110467,201864.0,0.0110405,147374.0,0.0110468,666690.0,0.0110403,69663.0,0.0110469,1000463.0,0.0110402,90028.0
1,1722470402305331,0.0110436,121492.0,0.0110435,100499.0,0.0110438,4663.0,0.0110433,36226.0,0.0110444,59430.0,0.0110432,363479.0,0.0110445,41330.0,0.0110431,151775.0,0.0110446,39907.0,0.0110429,36226.0,0.0110447,82496.0,0.0110425,36226.0,0.0110448,66092.0,0.0110423,116549.0,0.0110449,38544.0,0.0110421,36226.0,0.011045,175716.0,0.011042,238607.0,0.0110452,85216.0,0.0110419,261840.0,0.0110453,39165.0,0.0110418,102775.0,0.0110454,193001.0,0.0110417,37721.0,0.0110455,221020.0,0.0110415,20000.0,0.0110456,86025.0,0.0110414,155832.0,0.0110457,27281.0,0.0110413,127375.0,0.0110459,38954.0,0.0110412,197985.0,0.011046,156647.0,0.0110411,102775.0,0.0110461,1040.0,0.011041,99076.0,0.0110463,498781.0,0.0110409,91285.0,0.0110464,168128.0,0.0110408,90928.0,0.0110465,457881.0,0.0110407,42480.0,0.0110466,798041.0,0.0110406,100571.0,0.0110467,201864.0,0.0110405,147374.0,0.0110468,666690.0,0.0110403,69663.0,0.0110469,1000463.0,0.0110402,90028.0
2,1722470403485121,0.0110408,60925.0,0.0110407,747323.0,0.0110412,59430.0,0.0110404,337839.0,0.0110416,59430.0,0.0110403,403588.0,0.011042,121646.0,0.0110402,247540.0,0.0110421,97023.0,0.0110401,51527.0,0.0110422,5157.0,0.01104,97684.0,0.0110423,861413.0,0.0110399,190398.0,0.0110424,480845.0,0.0110398,217072.0,0.0110425,185572.0,0.0110397,36226.0,0.0110428,59430.0,0.0110396,99076.0,0.011043,40821.0,0.0110395,1495.0,0.0110431,171427.0,0.0110394,70083.0,0.0110432,919052.0,0.0110393,90777.0,0.0110433,57402.0,0.0110392,6180.0,0.0110435,241146.0,0.011039,161577.0,0.0110436,208225.0,0.0110389,38255.0,0.0110439,5170.0,0.0110388,271962.0,0.0110441,45691.0,0.0110387,6299.0,0.0110442,79263.0,0.0110386,19740.0,0.0110444,64587.0,0.0110385,132214.0,0.0110446,1958.0,0.0110384,1495.0,0.011045,44158.0,0.0110383,61706.0,0.0110452,44158.0,0.0110382,27842.0,0.0110453,173025.0,0.0110381,77932.0,0.0110454,162045.0,0.011038,2520.0
3,1722470403950214,0.011042,47154.0,0.0110419,659456.0,0.0110423,721458.0,0.0110411,168126.0,0.0110424,421415.0,0.0110409,305661.0,0.0110425,185572.0,0.0110408,340138.0,0.0110428,59430.0,0.0110407,262656.0,0.011043,909.0,0.0110405,36226.0,0.0110431,52245.0,0.0110404,150571.0,0.0110432,147766.0,0.0110403,351166.0,0.0110433,83188.0,0.0110402,4024.0,0.0110435,36494.0,0.0110401,36226.0,0.0110436,208225.0,0.01104,97684.0,0.0110439,5170.0,0.0110399,102775.0,0.0110441,45691.0,0.0110398,164449.0,0.0110442,79263.0,0.0110397,36226.0,0.0110444,64587.0,0.0110396,99076.0,0.0110446,1958.0,0.0110395,1495.0,0.0110449,44158.0,0.0110394,70083.0,0.0110451,44158.0,0.0110393,90777.0,0.0110452,30180.0,0.0110392,6180.0,0.0110453,173025.0,0.011039,161577.0,0.0110454,162045.0,0.0110389,38255.0,0.0110455,92401.0,0.0110388,344820.0,0.0110456,14335.0,0.0110387,6299.0,0.0110457,1495.0,0.0110386,109781.0,0.0110458,4619.0,0.0110385,132214.0
4,1722470404424495,0.011042,463599.0,0.0110419,34546.0,0.0110421,4619.0,0.0110408,102775.0,0.0110422,31289.0,0.0110407,63580.0,0.0110423,721458.0,0.0110406,1495.0,0.0110424,419920.0,0.0110404,90842.0,0.0110425,185572.0,0.0110403,201851.0,0.0110426,41333.0,0.0110402,4024.0,0.0110427,40310.0,0.01104,97684.0,0.0110428,85216.0,0.0110399,102775.0,0.0110429,78673.0,0.0110398,164449.0,0.011043,26695.0,0.0110396,99076.0,0.0110431,78031.0,0.0110395,1495.0,0.0110432,147766.0,0.0110394,70083.0,0.0110433,83188.0,0.0110393,90777.0,0.0110435,36494.0,0.0110392,6180.0,0.0110436,207558.0,0.0110391,122067.0,0.0110439,5170.0,0.011039,161577.0,0.011044,13752.0,0.0110389,38255.0,0.0110441,45691.0,0.0110388,344820.0,0.0110442,38956.0,0.0110387,6299.0,0.0110444,64587.0,0.0110386,19740.0,0.0110445,47598.0,0.0110385,132214.0,0.0110446,1958.0,0.0110384,1495.0,0.0110447,30170.0,0.0110383,61706.0,0.0110448,638314.0,0.0110382,27842.0
5,1722470405001648,0.0110395,554238.0,0.0110394,74024.0,0.0110398,16620.0,0.0110389,2029.0,0.0110399,613268.0,0.0110388,163947.0,0.01104,87639.0,0.0110387,6299.0,0.0110401,51650.0,0.0110385,41383.0,0.0110402,82939.0,0.0110384,21495.0,0.0110405,78683.0,0.0110383,11648.0,0.0110406,91599.0,0.0110381,118053.0,0.0110407,52245.0,0.011038,2520.0,0.011041,104467.0,0.0110379,103229.0,0.0110411,119758.0,0.0110377,2177.0,0.0110412,237461.0,0.0110376,1743.0,0.0110413,1495.0,0.0110375,137304.0,0.0110415,125786.0,0.0110374,70739.0,0.0110416,159260.0,0.0110373,29792.0,0.0110417,30186.0,0.0110372,137310.0,0.0110418,751623.0,0.0110371,94589.0,0.0110419,316617.0,0.011037,208178.0,0.011042,185166.0,0.0110367,163574.0,0.0110421,5170.0,0.0110366,181615.0,0.0110422,70097.0,0.0110365,363479.0,0.0110423,1068604.0,0.0110364,165653.0,0.0110424,421415.0,0.0110363,60440.0,0.0110425,213236.0,0.0110362,691780.0,0.0110428,59430.0,0.0110361,110382.0
6,1722470405480325,0.0110409,116746.0,0.0110408,198074.0,0.0110411,31289.0,0.0110405,36226.0,0.0110412,59430.0,0.0110401,36226.0,0.0110413,1495.0,0.0110399,241412.0,0.0110416,59430.0,0.0110398,99076.0,0.0110417,39912.0,0.0110397,36226.0,0.0110418,342880.0,0.0110396,179574.0,0.0110419,90831.0,0.0110395,290590.0,0.011042,185166.0,0.0110394,110232.0,0.0110421,65469.0,0.0110393,36226.0,0.0110423,1094390.0,0.0110389,38255.0,0.0110424,447201.0,0.0110388,163947.0,0.0110425,185572.0,0.0110387,6299.0,0.0110428,59430.0,0.0110385,41383.0,0.011043,6079.0,0.0110384,60925.0,0.0110431,52245.0,0.0110383,11648.0,0.0110432,488766.0,0.0110382,118275.0,0.0110433,57402.0,0.0110381,235511.0,0.0110434,90831.0,0.011038,2520.0,0.0110435,36494.0,0.0110379,103229.0,0.0110436,108227.0,0.0110378,5942.0,0.011044,13752.0,0.0110377,80109.0,0.0110441,468342.0,0.0110376,1743.0,0.0110442,1038956.0,0.0110375,161768.0,0.0110443,97641.0,0.0110374,91499.0
7,1722470405991679,0.0110432,386126.0,0.0110431,682157.0,0.0110435,1495.0,0.011043,332412.0,0.0110436,48797.0,0.0110429,477184.0,0.0110441,45691.0,0.0110428,59430.0,0.0110443,52357.0,0.0110426,184095.0,0.0110444,5157.0,0.0110425,36226.0,0.0110446,1495.0,0.0110424,128799.0,0.0110447,25786.0,0.0110423,518841.0,0.0110448,664100.0,0.0110422,367445.0,0.0110453,233137.0,0.0110421,316463.0,0.0110454,162045.0,0.011042,232562.0,0.0110455,57402.0,0.0110419,771053.0,0.0110457,1495.0,0.0110418,194823.0,0.0110459,117691.0,0.0110417,259789.0,0.011046,52590.0,0.0110416,87272.0,0.0110461,662857.0,0.0110413,135302.0,0.0110462,181124.0,0.0110412,59430.0,0.0110463,5965.0,0.011041,90593.0,0.0110464,138860.0,0.0110409,88471.0,0.0110465,323922.0,0.0110408,93073.0,0.0110466,2649854.0,0.0110406,1495.0,0.0110467,126720.0,0.0110405,36226.0,0.0110468,28376.0,0.0110404,157838.0,0.0110469,463.0,0.0110401,161402.0,0.011047,454.0,0.01104,269376.0
8,1722470406494184,0.0110436,164629.0,0.0110435,205873.0,0.0110441,45691.0,0.0110432,276155.0,0.0110448,44104.0,0.011043,302967.0,0.0110449,124535.0,0.0110429,295832.0,0.0110451,473054.0,0.0110428,59430.0,0.0110453,25786.0,0.0110425,36226.0,0.0110454,187831.0,0.0110424,59430.0,0.0110455,57402.0,0.0110423,348531.0,0.0110457,18922.0,0.0110422,167445.0,0.0110458,25786.0,0.0110421,582933.0,0.0110459,55943.0,0.011042,202506.0,0.011046,131822.0,0.0110419,665330.0,0.0110461,270471.0,0.0110418,52699.0,0.0110463,168474.0,0.0110417,157014.0,0.0110464,108698.0,0.0110416,147266.0,0.0110465,381986.0,0.0110413,36226.0,0.0110466,803198.0,0.0110412,59430.0,0.0110468,28376.0,0.0110409,346862.0,0.0110469,1000000.0,0.0110408,92597.0,0.011047,454.0,0.0110407,690285.0,0.0110471,173025.0,0.0110406,1495.0,0.0110472,1495.0,0.0110405,302333.0,0.0110473,17012.0,0.0110404,86139.0,0.0110474,4497.0,0.01104,59893.0,0.0110475,2699.0,0.0110398,90439.0
9,1722470406974769,0.0110388,391258.0,0.0110383,111147.0,0.0110389,391257.0,0.0110382,227471.0,0.0110399,44104.0,0.0110381,37406.0,0.0110401,164274.0,0.011038,2520.0,0.0110404,52245.0,0.0110379,100547.0,0.0110405,493198.0,0.0110378,277547.0,0.0110407,55532.0,0.0110377,692462.0,0.0110408,734763.0,0.0110376,1743.0,0.0110409,729844.0,0.0110375,70705.0,0.0110412,211747.0,0.0110374,70739.0,0.0110413,175004.0,0.0110373,1950.0,0.0110416,112638.0,0.0110372,145386.0,0.0110417,35032.0,0.0110371,909.0,0.0110418,208289.0,0.011037,19740.0,0.0110419,100000.0,0.0110366,455.0,0.011042,193505.0,0.0110365,381600.0,0.0110421,128561.0,0.0110364,1743.0,0.0110422,25786.0,0.0110363,5906.0,0.0110424,1627939.0,0.0110362,101584.0,0.0110425,305642.0,0.0110361,210745.0,0.0110429,128561.0,0.011036,191117.0,0.011043,26695.0,0.0110359,406644.0,0.0110431,25786.0,0.0110358,859771.0,0.0110432,147428.0,0.0110355,137497.0,0.0110434,30179.0,0.0110354,247520.0
10,1722470407476991,0.0110353,435669.0,0.0110352,30880.0,0.0110354,52687.0,0.0110349,712.0,0.0110356,112118.0,0.0110347,455.0,0.0110357,52720.0,0.0110346,2268.0,0.0110358,316512.0,0.0110344,41192.0,0.011036,64600.0,0.0110342,5157.0,0.0110361,76213.0,0.0110341,36226.0,0.0110362,51504.0,0.011034,101938.0,0.0110364,180044.0,0.0110339,455.0,0.0110365,112828.0,0.0110338,4075.0,0.0110367,52245.0,0.0110337,80370.0,0.0110368,162205.0,0.0110335,46325.0,0.0110369,842976.0,0.0110333,36974.0,0.011037,19740.0,0.0110332,455.0,0.0110372,259430.0,0.0110331,25157.0,0.0110375,30224.0,0.011033,198212.0,0.0110376,618749.0,0.0110329,86177.0,0.0110377,294508.0,0.0110328,1744.0,0.0110378,255020.0,0.0110327,48637.0,0.011038,313802.0,0.0110325,253911.0,0.0110381,298044.0,0.0110324,455.0,0.0110382,110911.0,0.0110322,455.0,0.0110383,417849.0,0.0110319,62449.0,0.0110384,260972.0,0.0110318,3262.0,0.0110385,41756.0,0.0110317,116804.0
11,1722470407989748,0.0110353,157356.0,0.0110352,104564.0,0.0110354,52687.0,0.0110349,712.0,0.0110355,31289.0,0.0110347,455.0,0.0110356,112118.0,0.0110346,2268.0,0.0110357,52720.0,0.0110344,41192.0,0.0110358,239017.0,0.0110342,93290.0,0.011036,59430.0,0.0110341,36226.0,0.0110361,50427.0,0.011034,101938.0,0.0110362,77290.0,0.0110339,455.0,0.0110364,154258.0,0.0110338,4075.0,0.0110365,99076.0,0.0110337,80370.0,0.0110367,52245.0,0.0110336,84681.0,0.0110368,167375.0,0.0110335,46325.0,0.0110369,842976.0,0.0110333,57734.0,0.011037,19740.0,0.0110332,28297.0,0.0110372,273182.0,0.0110331,109838.0,0.0110375,30224.0,0.011033,184772.0,0.0110376,583480.0,0.0110329,1496.0,0.0110377,294508.0,0.0110328,365223.0,0.0110378,255020.0,0.0110327,48637.0,0.011038,313802.0,0.0110325,253911.0,0.0110381,298044.0,0.0110324,455.0,0.0110382,110911.0,0.0110322,455.0,0.0110383,417849.0,0.0110321,36226.0,0.0110384,260972.0,0.0110319,152544.0
12,1722470408468947,0.0110353,104917.0,0.0110352,202435.0,0.0110354,52687.0,0.0110349,26110.0,0.0110355,31289.0,0.0110347,455.0,0.0110356,112118.0,0.0110346,2268.0,0.0110357,52720.0,0.0110344,41192.0,0.0110358,87696.0,0.0110342,93290.0,0.011036,59430.0,0.0110341,36226.0,0.0110362,51504.0,0.011034,101938.0,0.0110364,59430.0,0.0110339,455.0,0.0110365,99076.0,0.0110338,4075.0,0.0110367,52245.0,0.0110337,80370.0,0.0110368,64600.0,0.0110335,46325.0,0.0110369,764672.0,0.0110334,84681.0,0.011037,19740.0,0.0110333,64816.0,0.0110372,173182.0,0.0110332,78387.0,0.0110375,30224.0,0.0110331,130598.0,0.0110376,583480.0,0.011033,184772.0,0.0110377,294508.0,0.0110329,1496.0,0.0110378,523020.0,0.0110328,365223.0,0.011038,313802.0,0.0110327,119373.0,0.0110381,119740.0,0.0110326,114264.0,0.0110382,45309.0,0.0110325,253911.0,0.0110383,417849.0,0.0110324,455.0,0.0110384,259430.0,0.0110322,455.0,0.0110385,41756.0,0.0110321,36226.0
13,1722470408963045,0.011032,336543.0,0.0110319,252357.0,0.0110322,135130.0,0.0110318,3262.0,0.0110323,312109.0,0.0110317,116804.0,0.0110324,210765.0,0.0110316,259547.0,0.0110325,133855.0,0.0110315,455.0,0.0110327,51605.0,0.0110313,27195.0,0.0110328,311035.0,0.0110312,1190.0,0.011033,656015.0,0.011031,5612.0,0.0110331,547300.0,0.0110308,918.0,0.0110332,270970.0,0.0110307,1496.0,0.0110333,370648.0,0.0110306,455.0,0.0110334,104720.0,0.0110305,11104.0,0.0110336,190719.0,0.0110304,6723.0,0.0110339,180806.0,0.0110303,455.0,0.011034,285216.0,0.0110302,19740.0,0.0110341,25786.0,0.01103,68085.0,0.0110342,94224.0,0.0110299,29184.0,0.0110343,230956.0,0.0110298,41952.0,0.0110344,59430.0,0.0110297,252478.0,0.0110345,68438.0,0.0110296,1496.0,0.0110346,155020.0,0.0110295,69614.0,0.0110347,201496.0,0.0110294,92327.0,0.0110348,59430.0,0.0110293,455.0,0.011035,330816.0,0.0110292,327890.0,0.0110351,19740.0,0.0110291,19740.0
14,1722470409463429,0.0110324,87424.0,0.0110323,226454.0,0.0110327,229312.0,0.0110322,52064.0,0.011033,581971.0,0.0110321,97190.0,0.0110331,215300.0,0.011032,154842.0,0.0110332,110949.0,0.0110319,273252.0,0.0110333,154952.0,0.0110318,139296.0,0.0110336,86712.0,0.0110317,388054.0,0.0110337,45526.0,0.0110316,355310.0,0.0110338,30943.0,0.0110315,455.0,0.0110339,128561.0,0.0110314,36227.0,0.011034,85216.0,0.0110312,1190.0,0.0110341,25786.0,0.011031,455.0,0.0110342,148236.0,0.0110308,59885.0,0.0110344,59430.0,0.0110307,1496.0,0.0110345,35273.0,0.0110306,36682.0,0.0110346,102775.0,0.0110305,11104.0,0.0110347,46819.0,0.0110304,49082.0,0.0110348,59430.0,0.0110303,455.0,0.011035,130816.0,0.0110301,181912.0,0.0110351,19740.0,0.01103,9714.0,0.0110352,162397.0,0.0110299,71137.0,0.0110353,187288.0,0.0110298,1192.0,0.0110354,463.0,0.0110297,54984.0,0.0110355,30013.0,0.0110296,314939.0,0.0110356,59430.0,0.0110295,143751.0
15,1722470409989423,0.0110285,44146.0,0.0110284,59430.0,0.0110288,59430.0,0.0110281,21843.0,0.011029,9058.0,0.0110279,3187.0,0.0110292,59430.0,0.0110278,455.0,0.0110293,358283.0,0.0110277,137129.0,0.0110294,115251.0,0.0110276,9033.0,0.0110296,533119.0,0.0110274,3422.0,0.0110297,348508.0,0.0110273,20455.0,0.0110298,399923.0,0.0110272,1919.0,0.0110299,83775.0,0.011027,455.0,0.01103,104731.0,0.0110269,20195.0,0.0110306,36227.0,0.0110268,2201.0,0.0110309,77431.0,0.0110266,8230.0,0.011031,87999.0,0.0110264,986.0,0.0110312,566254.0,0.0110263,1952.0,0.0110313,487695.0,0.0110262,90902.0,0.0110314,71505.0,0.0110261,455.0,0.0110316,59430.0,0.011026,909.0,0.0110317,201709.0,0.0110259,443712.0,0.0110318,78031.0,0.0110258,19740.0,0.0110319,114122.0,0.0110256,139763.0,0.011032,59430.0,0.0110255,695442.0,0.0110321,439808.0,0.0110254,455.0,0.0110322,218271.0,0.0110253,145572.0,0.0110323,152245.0,0.0110252,1497.0
16,1722470410475784,0.0110284,445009.0,0.0110283,351230.0,0.0110286,31289.0,0.0110282,140155.0,0.0110292,44146.0,0.011028,59430.0,0.0110293,187548.0,0.0110279,3187.0,0.0110294,107438.0,0.0110278,455.0,0.0110296,214450.0,0.0110276,455.0,0.0110298,347462.0,0.0110274,3422.0,0.01103,5157.0,0.0110273,455.0,0.0110303,41035.0,0.0110272,61349.0,0.0110304,85216.0,0.011027,455.0,0.0110306,62013.0,0.0110269,455.0,0.0110309,437878.0,0.0110268,2201.0,0.011031,18148.0,0.0110266,44457.0,0.0110311,164887.0,0.0110264,124757.0,0.0110312,384577.0,0.0110263,173273.0,0.0110313,461909.0,0.0110262,181733.0,0.0110314,37724.0,0.0110261,455.0,0.0110316,59430.0,0.011026,909.0,0.0110317,1000000.0,0.0110259,20712.0,0.0110318,4624.0,0.0110258,125311.0,0.0110319,88336.0,0.0110257,123491.0,0.011032,59430.0,0.0110256,392330.0,0.0110321,77146.0,0.0110255,5157.0,0.0110322,218271.0,0.0110254,455.0,0.0110323,168769.0,0.0110252,1497.0
17,1722470411001755,0.0110273,675993.0,0.0110272,1919.0,0.0110274,60819.0,0.011027,455.0,0.0110275,1421763.0,0.0110269,455.0,0.0110276,288466.0,0.0110268,455.0,0.0110277,154939.0,0.0110266,3073.0,0.0110278,330337.0,0.0110264,986.0,0.0110279,32866.0,0.0110263,455.0,0.011028,90719.0,0.0110262,90439.0,0.0110281,388302.0,0.0110261,455.0,0.0110282,187831.0,0.011026,909.0,0.0110283,357133.0,0.0110259,712.0,0.0110284,321758.0,0.0110256,92143.0,0.0110286,25786.0,0.0110255,321867.0,0.0110287,28924.0,0.0110254,455.0,0.0110288,59430.0,0.0110252,1497.0,0.0110292,1497.0,0.0110251,20455.0,0.0110293,62013.0,0.011025,229277.0,0.0110294,128561.0,0.0110249,363934.0,0.0110295,61830.0,0.0110248,455.0,0.0110296,162205.0,0.0110247,92256.0,0.0110298,376760.0,0.0110245,154146.0,0.01103,5157.0,0.0110244,1747.0,0.0110303,36009.0,0.0110243,94479.0,0.0110304,87272.0,0.0110241,1497.0,0.0110306,36227.0,0.011024,455.0
18,1722470411472597,0.0110267,98079.0,0.0110266,219636.0,0.0110268,121513.0,0.0110264,986.0,0.0110269,71997.0,0.0110263,455.0,0.011027,108336.0,0.0110262,90439.0,0.0110272,144146.0,0.0110261,455.0,0.0110273,61909.0,0.011026,37136.0,0.0110274,51761.0,0.0110259,712.0,0.0110275,997019.0,0.0110256,455.0,0.0110276,199677.0,0.0110255,5157.0,0.0110277,102775.0,0.0110254,44617.0,0.0110278,46884.0,0.0110252,1497.0,0.0110279,5361.0,0.0110251,455.0,0.011028,85216.0,0.011025,142861.0,0.0110281,137554.0,0.0110249,44617.0,0.0110283,216104.0,0.0110248,455.0,0.0110284,159907.0,0.0110247,92256.0,0.0110286,25786.0,0.0110245,122737.0,0.0110287,28924.0,0.0110244,88005.0,0.0110288,59430.0,0.0110243,185700.0,0.0110292,1497.0,0.0110242,130319.0,0.0110293,36227.0,0.0110241,21497.0,0.0110294,102775.0,0.011024,455.0,0.0110295,135248.0,0.0110239,118389.0,0.0110296,162205.0,0.0110237,1951.0,0.0110297,45342.0,0.0110236,111336.0
19,1722470411990668,0.0110295,108698.0,0.0110294,453020.0,0.0110298,311235.0,0.0110291,221012.0,0.0110303,1497.0,0.0110287,50656.0,0.0110304,59430.0,0.0110286,161243.0,0.0110306,62013.0,0.0110284,371801.0,0.0110307,443031.0,0.0110283,99076.0,0.0110308,74767.0,0.011028,59430.0,0.0110309,298010.0,0.0110277,107369.0,0.0110311,5157.0,0.0110276,308838.0,0.0110312,204873.0,0.0110275,457928.0,0.0110313,461909.0,0.0110274,82435.0,0.0110314,37724.0,0.0110273,197500.0,0.0110316,29298.0,0.0110272,258506.0,0.0110319,130217.0,0.0110271,137321.0,0.011032,181229.0,0.011027,254096.0,0.0110321,173025.0,0.0110269,167445.0,0.0110322,144191.0,0.0110268,360036.0,0.0110323,752930.0,0.0110267,190019.0,0.0110324,200000.0,0.0110266,199076.0,0.0110325,639810.0,0.0110264,60416.0,0.0110326,31886.0,0.0110263,1952.0,0.0110328,38552.0,0.0110262,90439.0,0.0110329,76927.0,0.0110261,455.0,0.011033,2619754.0,0.011026,37136.0,0.0110331,917.0,0.0110259,91543.0
20,1722470412462187,0.0110274,96056.0,0.0110273,147901.0,0.0110276,155483.0,0.0110272,99076.0,0.011028,59430.0,0.011027,201851.0,0.0110282,352830.0,0.0110268,99076.0,0.0110283,93208.0,0.0110267,137774.0,0.0110284,59430.0,0.0110266,99076.0,0.0110285,42480.0,0.0110264,986.0,0.0110286,236089.0,0.0110263,455.0,0.0110287,748585.0,0.0110262,90439.0,0.0110288,159430.0,0.0110261,455.0,0.011029,248588.0,0.011026,37136.0,0.0110291,300938.0,0.0110259,712.0,0.0110292,297154.0,0.0110256,59885.0,0.0110294,102775.0,0.0110255,5157.0,0.0110295,115190.0,0.0110254,455.0,0.0110298,337021.0,0.0110252,1497.0,0.01103,59430.0,0.0110251,455.0,0.0110301,117859.0,0.011025,86663.0,0.0110303,48043.0,0.0110249,164232.0,0.0110304,59430.0,0.0110248,455.0,0.0110305,27842.0,0.0110247,92256.0,0.0110306,41878.0,0.0110245,86510.0,0.0110307,54543.0,0.0110243,81777.0,0.0110308,85208.0,0.0110241,111653.0,0.0110309,272224.0,0.011024,91286.0
21,1722470412988393,0.0110287,684937.0,0.0110286,207604.0,0.0110292,60927.0,0.0110285,149733.0,0.0110294,102775.0,0.0110284,306283.0,0.0110295,115190.0,0.0110283,232764.0,0.0110298,337021.0,0.0110282,156999.0,0.0110299,55084.0,0.011028,137774.0,0.01103,59430.0,0.0110276,36227.0,0.0110303,27283.0,0.0110272,76098.0,0.0110304,85216.0,0.0110271,266521.0,0.0110307,96422.0,0.0110268,242113.0,0.0110308,85208.0,0.0110267,405959.0,0.0110309,41879.0,0.0110266,254096.0,0.011031,97758.0,0.0110264,255082.0,0.0110311,277376.0,0.0110263,1952.0,0.0110312,204873.0,0.0110262,90439.0,0.0110313,461909.0,0.0110261,455.0,0.0110314,127879.0,0.011026,37136.0,0.0110316,13752.0,0.0110259,712.0,0.0110318,173025.0,0.0110258,90831.0,0.0110319,88336.0,0.0110256,59885.0,0.0110321,181235.0,0.0110255,5157.0,0.0110322,5157.0,0.0110254,69702.0,0.0110323,552194.0,0.0110252,1497.0,0.0110324,852925.0,0.0110251,455.0,0.0110325,1496.0,0.011025,12441.0
22,1722470413451824,0.0110251,191678.0,0.011025,139307.0,0.0110252,155333.0,0.0110249,455.0,0.0110253,1297991.0,0.0110248,455.0,0.0110254,82096.0,0.0110247,17987.0,0.0110255,50814.0,0.0110245,48977.0,0.0110256,59430.0,0.0110243,8346.0,0.0110257,68911.0,0.011024,455.0,0.0110258,52245.0,0.0110238,98315.0,0.0110259,76683.0,0.0110237,107132.0,0.011026,198839.0,0.0110236,111336.0,0.0110261,88336.0,0.0110234,1191.0,0.0110262,154394.0,0.0110232,6277.0,0.0110264,262205.0,0.011023,2725.0,0.0110265,26241.0,0.0110229,163297.0,0.0110268,88728.0,0.0110228,38097.0,0.011027,127283.0,0.0110226,36331.0,0.0110272,98968.0,0.0110225,19740.0,0.0110274,54543.0,0.0110224,75004.0,0.0110275,26557.0,0.0110223,118983.0,0.0110276,224218.0,0.0110222,44196.0,0.011028,59430.0,0.011022,2250.0,0.0110281,43405.0,0.0110219,76500.0,0.0110282,524857.0,0.0110218,183454.0,0.0110283,175521.0,0.0110217,95785.0,0.0110284,712881.0,0.0110216,174203.0
23,1722470413995707,0.0110246,468137.0,0.0110245,15730.0,0.0110247,364232.0,0.0110243,8346.0,0.0110248,418454.0,0.011024,455.0,0.0110249,205519.0,0.0110237,455.0,0.011025,168217.0,0.0110236,91596.0,0.0110251,337003.0,0.0110234,1191.0,0.0110252,59430.0,0.0110232,1363.0,0.0110253,1297991.0,0.011023,2725.0,0.0110254,50807.0,0.0110229,81701.0,0.0110255,76600.0,0.0110228,38097.0,0.0110256,85216.0,0.0110226,36331.0,0.0110258,78031.0,0.0110225,19740.0,0.0110259,27283.0,0.0110223,102565.0,0.011026,95657.0,0.0110222,44196.0,0.0110261,116178.0,0.011022,2250.0,0.0110262,158534.0,0.0110219,1496.0,0.0110263,52887.0,0.0110218,119996.0,0.0110264,262205.0,0.0110217,5606.0,0.0110265,26241.0,0.0110216,181873.0,0.0110268,88728.0,0.0110215,75006.0,0.011027,127283.0,0.0110214,422389.0,0.0110271,90831.0,0.0110213,377911.0,0.0110272,120780.0,0.0110212,690185.0,0.0110274,54543.0,0.0110211,11586.0,0.0110276,198432.0,0.011021,907.0
24,1722470414467985,0.0110264,487008.0,0.0110263,1572.0,0.0110265,455.0,0.0110253,16620.0,0.0110268,59430.0,0.0110247,144010.0,0.011027,1497.0,0.0110245,269826.0,0.0110272,59430.0,0.0110244,95658.0,0.0110274,54543.0,0.0110243,8346.0,0.0110275,52885.0,0.0110241,1497.0,0.0110276,224218.0,0.011024,59885.0,0.0110278,29298.0,0.0110237,455.0,0.0110279,301420.0,0.0110236,268955.0,0.011028,59430.0,0.0110235,3664.0,0.0110281,69191.0,0.0110234,1191.0,0.0110282,182805.0,0.0110233,4914.0,0.0110283,116524.0,0.0110232,455.0,0.0110284,272006.0,0.011023,69343.0,0.0110285,128305.0,0.0110229,186822.0,0.0110286,87244.0,0.0110228,38097.0,0.0110287,838314.0,0.0110226,36331.0,0.0110288,59430.0,0.0110225,19740.0,0.0110291,117870.0,0.0110223,67658.0,0.0110292,85322.0,0.0110222,225580.0,0.0110293,69625.0,0.011022,71921.0,0.0110294,46522.0,0.0110219,92188.0,0.0110295,471466.0,0.0110218,112879.0,0.0110296,794338.0,0.0110217,151265.0
25,1722470414989958,0.0110252,65524.0,0.0110251,230324.0,0.0110253,45126.0,0.0110245,15730.0,0.0110254,45126.0,0.0110244,36228.0,0.0110255,52245.0,0.0110243,8346.0,0.0110256,159430.0,0.011024,455.0,0.011026,95658.0,0.0110238,162490.0,0.0110261,146189.0,0.0110237,44617.0,0.0110262,240437.0,0.0110236,151026.0,0.0110263,153448.0,0.0110234,1191.0,0.0110264,201821.0,0.0110232,63371.0,0.0110265,455.0,0.0110231,319802.0,0.0110268,59430.0,0.011023,80657.0,0.011027,27283.0,0.0110229,108890.0,0.0110272,85216.0,0.0110228,41761.0,0.0110274,80329.0,0.0110226,36331.0,0.0110275,67693.0,0.0110225,19740.0,0.0110276,198432.0,0.0110224,117942.0,0.0110278,71205.0,0.0110223,1040.0,0.0110279,393517.0,0.011022,71921.0,0.011028,59430.0,0.0110219,1496.0,0.0110281,43405.0,0.0110218,92879.0,0.0110282,182805.0,0.0110217,5606.0,0.0110283,116524.0,0.0110216,463.0,0.0110284,209008.0,0.0110214,111803.0,0.0110285,128305.0,0.0110213,14432.0
26,1722470415454687,0.0110265,371786.0,0.0110264,78030.0,0.0110268,59430.0,0.0110263,27120.0,0.011027,1497.0,0.011026,27120.0,0.0110272,59430.0,0.0110257,50109.0,0.0110275,97733.0,0.0110256,50109.0,0.0110276,198432.0,0.0110252,1497.0,0.0110279,275634.0,0.0110251,3074.0,0.011028,59430.0,0.0110245,15730.0,0.0110281,69180.0,0.0110244,36228.0,0.0110282,187831.0,0.0110243,8346.0,0.0110283,145822.0,0.0110241,1497.0,0.0110284,277661.0,0.011024,455.0,0.0110285,463.0,0.0110239,62908.0,0.0110286,121756.0,0.0110238,162490.0,0.0110287,838314.0,0.0110237,209214.0,0.0110288,59430.0,0.0110236,151026.0,0.0110291,4625.0,0.0110234,1191.0,0.0110292,37724.0,0.0110232,111059.0,0.0110294,404675.0,0.0110231,95081.0,0.0110295,150595.0,0.011023,150689.0,0.0110296,794338.0,0.0110229,6697.0,0.0110297,363479.0,0.0110228,41761.0,0.0110298,1212546.0,0.0110226,36331.0,0.0110303,1951.0,0.0110225,19740.0,0.0110305,660144.0,0.0110223,1040.0
27,1722470415974903,0.0110237,482862.0,0.0110236,505602.0,0.0110244,59430.0,0.0110234,1191.0,0.0110245,36228.0,0.0110232,455.0,0.0110248,59430.0,0.011023,2725.0,0.011025,101341.0,0.0110229,6697.0,0.0110251,275029.0,0.0110228,1870.0,0.0110252,159430.0,0.0110226,36331.0,0.0110254,19740.0,0.0110225,19740.0,0.0110256,67705.0,0.0110223,1040.0,0.0110257,62014.0,0.0110221,36228.0,0.0110259,69202.0,0.011022,2250.0,0.011026,254296.0,0.0110219,1496.0,0.0110261,200000.0,0.0110218,59445.0,0.0110262,463.0,0.0110217,5606.0,0.0110263,71457.0,0.0110216,367143.0,0.0110264,483936.0,0.0110215,4914.0,0.0110265,201255.0,0.0110214,111803.0,0.0110268,59430.0,0.0110213,105263.0,0.0110269,404777.0,0.0110212,73571.0,0.011027,1091664.0,0.0110211,11586.0,0.0110272,59430.0,0.011021,907.0,0.0110275,173442.0,0.0110209,117958.0,0.0110276,198432.0,0.0110208,4055.0,0.011028,59430.0,0.0110207,8097.0,0.0110281,95639.0,0.0110206,119869.0
28,1722470416502307,0.0110237,261524.0,0.0110236,82794.0,0.0110239,31289.0,0.0110234,1191.0,0.0110244,59430.0,0.0110232,455.0,0.0110245,36228.0,0.011023,2725.0,0.0110248,60927.0,0.0110229,6697.0,0.011025,180235.0,0.0110228,1870.0,0.0110251,275029.0,0.0110227,30084.0,0.0110252,159430.0,0.0110226,36331.0,0.0110254,45526.0,0.0110223,1040.0,0.0110256,25786.0,0.0110222,143746.0,0.0110257,91312.0,0.0110221,36228.0,0.0110259,432060.0,0.011022,2250.0,0.011026,218068.0,0.0110219,1496.0,0.0110261,200000.0,0.0110218,60386.0,0.0110262,463.0,0.0110217,170827.0,0.0110263,41919.0,0.0110216,363479.0,0.0110264,483936.0,0.0110215,4914.0,0.0110265,200455.0,0.0110214,111803.0,0.0110268,59430.0,0.0110213,105263.0,0.0110269,4626.0,0.0110212,37343.0,0.011027,1091664.0,0.0110211,11586.0,0.0110272,59430.0,0.011021,907.0,0.0110275,75709.0,0.0110209,117958.0,0.0110276,162205.0,0.0110208,4055.0,0.011028,59430.0,0.0110207,8097.0
29,1722470416975556,0.0110237,238542.0,0.0110236,629625.0,0.0110239,31289.0,0.0110234,1191.0,0.0110244,59430.0,0.0110232,455.0,0.0110245,36228.0,0.011023,2725.0,0.0110248,60927.0,0.0110229,6697.0,0.011025,180235.0,0.0110228,1870.0,0.0110251,275029.0,0.0110226,36331.0,0.0110252,59430.0,0.0110223,45202.0,0.0110254,45526.0,0.0110222,143746.0,0.0110256,25786.0,0.0110221,36228.0,0.0110257,91312.0,0.011022,2250.0,0.0110259,69202.0,0.0110219,1496.0,0.011026,218068.0,0.0110218,2048.0,0.0110261,200000.0,0.0110217,289075.0,0.0110262,463.0,0.0110216,136362.0,0.0110264,483936.0,0.0110215,372057.0,0.0110265,200455.0,0.0110214,111803.0,0.0110268,59430.0,0.0110213,105263.0,0.0110269,40854.0,0.0110212,37343.0,0.011027,91664.0,0.0110211,11586.0,0.0110272,59430.0,0.011021,907.0,0.0110275,75709.0,0.0110209,117958.0,0.0110276,162205.0,0.0110208,4055.0,0.0110279,41919.0,0.0110207,8097.0,0.011028,422288.0,0.0110206,96277.0
30,1722470417502884,0.0110201,333717.0,0.01102,145238.0,0.0110203,31289.0,0.0110199,56858.0,0.0110204,60928.0,0.011019,62823.0,0.0110207,119212.0,0.0110189,1615.0,0.0110208,162205.0,0.0110188,2152.0,0.0110209,36228.0,0.0110187,27154.0,0.0110212,59430.0,0.0110186,497.0,0.0110213,102775.0,0.0110185,2191.0,0.0110214,61240.0,0.0110184,834.0,0.0110215,133571.0,0.0110183,113113.0,0.0110216,59430.0,0.0110181,32799.0,0.0110218,49282.0,0.011018,61946.0,0.0110219,5157.0,0.0110178,185956.0,0.011022,59430.0,0.0110177,109840.0,0.0110221,64070.0,0.0110176,644360.0,0.0110222,13752.0,0.0110175,1539014.0,0.0110223,4628.0,0.0110174,7463.0,0.0110224,101378.0,0.0110173,36705.0,0.0110225,456916.0,0.0110172,1888.0,0.0110226,364482.0,0.0110171,130086.0,0.0110227,71260.0,0.011017,20452.0,0.0110228,1708981.0,0.0110169,283109.0,0.011023,25917.0,0.0110168,1675.0,0.0110231,140834.0,0.0110167,10267.0,0.0110232,179170.0,0.0110166,71084.0
31,1722470417961285,0.0110228,1531614.0,0.0110227,41214.0,0.0110233,455.0,0.0110224,80706.0,0.0110235,88316.0,0.0110223,36544.0,0.0110236,1971009.0,0.0110222,1055807.0,0.0110237,638314.0,0.0110221,71453.0,0.0110239,463.0,0.0110218,162934.0,0.0110241,45364.0,0.0110217,205515.0,0.0110243,712.0,0.0110216,4914.0,0.0110246,40824.0,0.0110213,293121.0,0.0110248,1497.0,0.0110209,44824.0,0.0110251,44617.0,0.0110208,59430.0,0.0110252,44162.0,0.0110207,407470.0,0.0110253,39110.0,0.0110206,334739.0,0.0110254,83966.0,0.0110205,210447.0,0.0110256,48709.0,0.0110204,59430.0,0.0110257,78158.0,0.0110203,273835.0,0.0110258,181487.0,0.0110202,335883.0,0.0110259,43427.0,0.0110201,61094.0,0.011026,653304.0,0.01102,367797.0,0.0110261,760144.0,0.0110197,137153.0,0.0110262,1832213.0,0.0110196,59430.0,0.0110264,214166.0,0.0110192,59430.0,0.0110265,120195.0,0.0110191,9252.0,0.0110266,749.0,0.011019,62823.0,0.0110267,170912.0,0.0110189,1615.0
32,1722470418478367,0.0110228,423165.0,0.0110227,268058.0,0.0110233,36684.0,0.0110224,175439.0,0.0110235,88316.0,0.0110223,155020.0,0.0110236,1971009.0,0.0110222,102775.0,0.0110243,712.0,0.0110218,104884.0,0.0110244,44162.0,0.0110217,102775.0,0.0110245,36228.0,0.0110216,163568.0,0.0110246,71767.0,0.0110215,372075.0,0.0110248,27283.0,0.0110214,354509.0,0.0110249,68836.0,0.0110213,301717.0,0.0110251,66525.0,0.0110212,3664.0,0.0110252,44162.0,0.011021,107058.0,0.0110253,39110.0,0.0110209,44824.0,0.0110254,83966.0,0.0110208,207885.0,0.0110256,48709.0,0.0110207,307470.0,0.0110257,41385.0,0.0110206,62998.0,0.0110259,1497.0,0.0110205,210447.0,0.011026,41926.0,0.0110204,59430.0,0.0110261,760144.0,0.0110203,273835.0,0.0110262,1832213.0,0.0110202,170368.0,0.0110264,123335.0,0.0110201,52498.0,0.0110265,174773.0,0.01102,359201.0,0.0110266,749.0,0.0110198,313366.0,0.0110267,170912.0,0.0110197,903740.0,0.0110268,2746.0,0.0110196,59430.0
33,1722470418997196,0.0110209,74360.0,0.0110208,427777.0,0.0110215,196591.0,0.0110204,150271.0,0.0110217,98337.0,0.0110203,99076.0,0.0110218,157812.0,0.0110202,102775.0,0.011022,59430.0,0.0110201,353917.0,0.0110221,36229.0,0.01102,708687.0,0.0110223,25786.0,0.0110198,71356.0,0.0110224,85216.0,0.0110197,177556.0,0.0110225,110208.0,0.0110196,68026.0,0.0110226,154626.0,0.0110194,28505.0,0.0110227,438014.0,0.0110193,463.0,0.0110228,229129.0,0.0110192,59430.0,0.011023,66083.0,0.011019,62823.0,0.0110232,25786.0,0.0110189,1615.0,0.0110233,62470.0,0.0110188,2152.0,0.0110234,289352.0,0.0110187,184473.0,0.0110235,88316.0,0.0110186,100946.0,0.0110236,1971009.0,0.0110185,229129.0,0.0110237,1498.0,0.0110184,327662.0,0.0110243,712.0,0.0110183,189958.0,0.0110244,44162.0,0.0110182,726277.0,0.0110245,36228.0,0.0110181,33253.0,0.0110246,91343.0,0.011018,2516.0,0.0110247,20760.0,0.0110178,4468.0,0.0110248,1497.0,0.0110177,95841.0
34,1722470419465506,0.0110235,88316.0,0.0110234,656915.0,0.0110236,1971009.0,0.0110233,269945.0,0.0110237,1498.0,0.0110232,646747.0,0.0110239,463.0,0.0110228,535390.0,0.0110243,712.0,0.0110227,391415.0,0.0110245,25786.0,0.0110226,154424.0,0.0110246,45981.0,0.0110225,514497.0,0.0110248,27283.0,0.0110224,59430.0,0.011025,36229.0,0.011022,59430.0,0.0110251,455.0,0.0110219,192224.0,0.0110253,39110.0,0.0110218,345226.0,0.0110254,83966.0,0.0110217,207672.0,0.0110256,48709.0,0.0110216,345280.0,0.0110257,41385.0,0.0110215,8596.0,0.0110259,43423.0,0.0110214,99076.0,0.0110261,660144.0,0.0110212,59430.0,0.0110262,1841179.0,0.011021,297014.0,0.0110263,173025.0,0.0110209,69162.0,0.0110264,123335.0,0.0110208,581018.0,0.0110265,120195.0,0.0110207,117960.0,0.0110266,749.0,0.0110206,90831.0,0.0110267,170912.0,0.0110204,59430.0,0.0110268,68806.0,0.0110203,66099.0,0.0110269,36228.0,0.0110202,36229.0,0.011027,1497.0,0.0110201,341358.0
35,1722470419986908,0.0110237,350660.0,0.0110236,55933.0,0.0110239,80125.0,0.0110235,18602.0,0.0110242,36229.0,0.011023,1497.0,0.0110245,158011.0,0.0110228,254096.0,0.0110246,28322.0,0.0110226,163044.0,0.0110248,60927.0,0.0110225,262692.0,0.011025,36229.0,0.0110224,68026.0,0.0110251,455.0,0.011022,195894.0,0.0110252,85216.0,0.0110219,91595.0,0.0110254,41919.0,0.0110218,284132.0,0.0110255,102734.0,0.0110217,99076.0,0.0110256,188516.0,0.0110216,236684.0,0.0110257,30943.0,0.0110214,99076.0,0.0110258,62015.0,0.0110212,59430.0,0.0110259,27283.0,0.0110211,90098.0,0.011026,20741.0,0.011021,297014.0,0.0110261,4626.0,0.0110209,90439.0,0.0110262,35670.0,0.0110208,581018.0,0.0110263,19740.0,0.0110206,90831.0,0.0110264,117899.0,0.0110204,330952.0,0.0110265,392603.0,0.0110203,220419.0,0.0110266,78890.0,0.0110202,399708.0,0.0110267,278619.0,0.0110201,251159.0,0.0110268,7903.0,0.01102,537921.0,0.0110269,36228.0,0.0110199,69015.0
36,1722470420454165,0.0110237,46623.0,0.0110236,710635.0,0.0110242,36229.0,0.0110235,171688.0,0.0110244,59430.0,0.0110226,80391.0,0.0110245,102775.0,0.0110225,52245.0,0.0110246,24454.0,0.0110223,44162.0,0.0110248,60927.0,0.0110221,146162.0,0.011025,36229.0,0.011022,59430.0,0.0110251,455.0,0.0110219,145623.0,0.0110252,59430.0,0.0110218,306185.0,0.0110254,97004.0,0.0110217,107672.0,0.0110255,76948.0,0.0110216,158857.0,0.0110256,162730.0,0.0110215,8596.0,0.0110257,30943.0,0.0110214,177008.0,0.0110258,62015.0,0.0110212,144480.0,0.0110259,27283.0,0.0110211,363479.0,0.0110262,51803.0,0.011021,297014.0,0.0110263,85054.0,0.0110209,90439.0,0.0110264,117899.0,0.0110208,581018.0,0.0110265,455.0,0.0110206,90831.0,0.0110266,78897.0,0.0110204,59430.0,0.0110267,216265.0,0.0110202,36229.0,0.0110268,7903.0,0.0110201,251159.0,0.0110269,36228.0,0.01102,537921.0,0.011027,43416.0,0.0110199,3664.0,0.0110271,737707.0,0.0110198,57846.0
37,1722470420976477,0.0110219,150749.0,0.0110218,60363.0,0.011022,215590.0,0.0110217,99076.0,0.0110221,155989.0,0.0110214,99076.0,0.0110222,70089.0,0.011021,260785.0,0.0110223,53469.0,0.0110209,8596.0,0.0110224,53491.0,0.0110208,589614.0,0.0110225,156287.0,0.0110204,68026.0,0.0110226,89748.0,0.0110202,36229.0,0.0110228,59430.0,0.01102,546517.0,0.0110232,114514.0,0.0110199,12260.0,0.0110233,135528.0,0.0110198,66442.0,0.0110234,150402.0,0.0110197,133343.0,0.0110235,240236.0,0.0110195,90831.0,0.0110236,128561.0,0.0110194,36229.0,0.0110237,27283.0,0.0110193,463.0,0.011024,150543.0,0.0110191,117977.0,0.0110242,62015.0,0.011019,62823.0,0.0110244,130579.0,0.0110189,1615.0,0.0110245,8667.0,0.0110188,2152.0,0.0110246,142372.0,0.0110187,27154.0,0.0110247,6950.0,0.0110186,38224.0,0.0110248,60927.0,0.0110185,38419.0,0.0110249,12444.0,0.0110184,834.0,0.011025,78163.0,0.0110183,110571.0,0.0110251,363371.0,0.0110182,454.0
38,1722470421499367,0.0110218,305457.0,0.0110217,43196.0,0.0110219,65322.0,0.0110212,67787.0,0.0110224,59430.0,0.011021,202175.0,0.0110225,356589.0,0.0110209,313580.0,0.0110226,251369.0,0.0110208,516698.0,0.0110228,59430.0,0.0110202,8596.0,0.0110232,59430.0,0.0110201,242066.0,0.0110234,124616.0,0.01102,546517.0,0.0110235,60785.0,0.0110198,57846.0,0.0110236,85216.0,0.0110197,50497.0,0.0110237,27283.0,0.0110194,36229.0,0.0110239,26249.0,0.011019,62823.0,0.011024,59430.0,0.0110189,1615.0,0.0110241,29298.0,0.0110188,5816.0,0.0110242,101555.0,0.0110187,32068.0,0.0110243,23834.0,0.0110186,116156.0,0.0110244,104793.0,0.0110185,38419.0,0.0110245,124950.0,0.0110184,834.0,0.0110246,24454.0,0.0110183,110571.0,0.0110247,97781.0,0.0110182,20000.0,0.0110248,60927.0,0.0110181,95569.0,0.0110249,32018.0,0.011018,96679.0,0.011025,36229.0,0.0110179,98602.0,0.0110251,371331.0,0.0110178,185914.0,0.0110252,101358.0,0.0110177,711410.0
39,1722470421975749,0.0110224,190313.0,0.0110219,366187.0,0.0110226,164402.0,0.0110217,53460.0,0.0110228,59430.0,0.0110216,98586.0,0.0110231,129623.0,0.011021,772260.0,0.0110232,124762.0,0.0110209,312325.0,0.0110234,124616.0,0.0110208,516698.0,0.0110236,85216.0,0.0110202,36229.0,0.0110237,1497.0,0.0110201,242066.0,0.0110239,463.0,0.01102,537921.0,0.011024,59430.0,0.0110198,57846.0,0.0110242,36229.0,0.0110197,50497.0,0.0110244,104793.0,0.0110194,44825.0,0.0110246,24454.0,0.0110191,52758.0,0.0110247,215698.0,0.011019,66487.0,0.0110248,60927.0,0.0110189,119594.0,0.0110249,32018.0,0.0110188,80084.0,0.011025,36229.0,0.0110187,32068.0,0.0110251,455.0,0.0110186,38224.0,0.0110252,59430.0,0.0110185,38419.0,0.0110253,1000000.0,0.0110184,67828.0,0.0110254,35604.0,0.0110183,110571.0,0.0110255,55693.0,0.0110181,32799.0,0.0110256,103300.0,0.011018,96679.0,0.0110257,47098.0,0.0110179,93569.0,0.0110258,56989.0,0.0110178,185914.0
40,1722470422511799,0.0110304,23965.0,0.0110299,4670.0,0.0110306,52438.0,0.0110296,412081.0,0.0110307,72552.0,0.0110292,59430.0,0.0110308,68396.0,0.011029,133252.0,0.011031,52421.0,0.0110289,103303.0,0.0110311,455.0,0.0110288,213346.0,0.0110312,37666.0,0.0110287,51141.0,0.0110313,909.0,0.0110286,239966.0,0.0110314,21237.0,0.0110284,125375.0,0.0110316,43618.0,0.0110282,220378.0,0.0110317,170483.0,0.0110281,78031.0,0.0110318,47559.0,0.011028,386824.0,0.0110319,39564.0,0.0110279,32000.0,0.011032,24598.0,0.0110278,4914.0,0.0110321,41871.0,0.0110276,68026.0,0.0110322,535258.0,0.0110274,37725.0,0.0110323,100000.0,0.0110271,73135.0,0.0110324,136226.0,0.011027,367027.0,0.0110325,21236.0,0.0110268,232239.0,0.0110326,14593.0,0.0110266,321925.0,0.0110327,59831.0,0.0110265,214572.0,0.0110328,1387675.0,0.0110264,275281.0,0.011033,25472.0,0.0110263,182468.0,0.0110331,463.0,0.0110262,390242.0,0.0110332,8909.0,0.0110261,288053.0
41,1722470422964399,0.0110318,210989.0,0.0110317,25226.0,0.0110319,455.0,0.0110316,52245.0,0.0110322,484972.0,0.0110313,204093.0,0.0110324,455.0,0.0110312,59430.0,0.0110325,1496.0,0.011031,45568.0,0.0110328,59885.0,0.0110308,59430.0,0.0110329,54601.0,0.0110305,131736.0,0.011033,26664.0,0.0110304,266948.0,0.0110331,463.0,0.0110303,125786.0,0.0110333,641807.0,0.01103,104956.0,0.0110335,18400.0,0.0110299,168862.0,0.0110336,46821.0,0.0110298,36230.0,0.0110337,40500.0,0.0110297,190019.0,0.0110338,63516.0,0.0110296,1496.0,0.0110339,27842.0,0.0110292,85216.0,0.011034,1746.0,0.011029,36230.0,0.0110342,1040.0,0.0110289,52245.0,0.0110343,28927.0,0.0110288,162205.0,0.0110344,46477.0,0.0110286,48202.0,0.0110345,208682.0,0.0110285,364975.0,0.0110346,455.0,0.0110284,90376.0,0.0110347,3744.0,0.0110282,194592.0,0.0110348,424195.0,0.0110281,52245.0,0.0110349,5157.0,0.011028,361038.0,0.011035,41854.0,0.0110279,23404.0
42,1722470423489015,0.0110354,10712.0,0.0110352,11609.0,0.0110355,45317.0,0.0110351,20490.0,0.0110356,45731.0,0.0110349,14201.0,0.0110358,3448.0,0.0110346,129774.0,0.0110359,10000.0,0.0110345,521594.0,0.011036,6337.0,0.0110344,473193.0,0.0110363,30487.0,0.0110342,287077.0,0.0110364,17951.0,0.0110341,676845.0,0.0110365,30797.0,0.011034,66475.0,0.0110367,41831.0,0.0110339,314413.0,0.0110369,1496.0,0.0110338,36230.0,0.0110371,5157.0,0.0110337,3482.0,0.0110372,17938.0,0.0110336,683119.0,0.0110373,208613.0,0.0110335,282745.0,0.0110375,30379.0,0.0110333,116575.0,0.0110376,2199.0,0.0110332,391655.0,0.0110377,1088625.0,0.0110331,99076.0,0.0110378,712.0,0.011033,169593.0,0.0110379,17936.0,0.0110329,52245.0,0.011038,1496.0,0.0110328,94462.0,0.0110381,37676.0,0.0110327,25786.0,0.0110382,759665.0,0.0110326,60304.0,0.0110383,51561.0,0.0110325,422707.0,0.0110384,18832.0,0.0110324,467661.0,0.0110385,66003.0,0.0110323,25786.0
43,1722470423995875,0.0110408,47849.0,0.0110407,374431.0,0.0110409,985.0,0.0110406,20555.0,0.0110413,72405.0,0.0110405,194045.0,0.0110415,4260.0,0.0110403,52245.0,0.0110416,54361.0,0.01104,59430.0,0.0110418,34562.0,0.0110397,116653.0,0.0110421,39297.0,0.0110396,259228.0,0.0110423,712.0,0.0110395,70377.0,0.0110424,3262.0,0.0110394,25786.0,0.0110425,61521.0,0.0110393,139714.0,0.0110426,32999.0,0.0110392,123667.0,0.0110428,769963.0,0.011039,19740.0,0.0110429,20760.0,0.0110389,376549.0,0.011043,594178.0,0.0110388,594932.0,0.0110432,110782.0,0.0110387,65127.0,0.0110433,3183.0,0.0110386,36230.0,0.0110435,1496.0,0.0110384,60925.0,0.0110436,42495.0,0.0110383,25786.0,0.0110438,17936.0,0.0110382,128561.0,0.0110439,93650.0,0.011038,59430.0,0.011044,90249.0,0.0110379,102775.0,0.0110441,17951.0,0.0110378,67176.0,0.0110443,3628.0,0.0110377,463.0,0.0110444,33920.0,0.0110376,499671.0,0.0110445,21843.0,0.0110375,113435.0
44,1722470424477191,0.0110398,179896.0,0.0110397,229221.0,0.0110401,87193.0,0.0110395,27281.0,0.0110403,166615.0,0.0110392,63363.0,0.0110404,205016.0,0.0110389,204621.0,0.0110405,149285.0,0.0110388,137714.0,0.0110407,98764.0,0.0110384,60925.0,0.0110408,62282.0,0.0110382,102775.0,0.0110412,307333.0,0.0110381,77932.0,0.0110413,16620.0,0.011038,59430.0,0.0110415,4260.0,0.0110379,193214.0,0.0110416,140455.0,0.0110377,130646.0,0.0110421,18405.0,0.0110376,382289.0,0.0110423,44848.0,0.0110375,109771.0,0.0110424,67311.0,0.0110374,97712.0,0.0110425,32419.0,0.0110373,1495.0,0.0110426,275425.0,0.0110372,158506.0,0.0110427,85916.0,0.0110371,19809.0,0.0110428,478288.0,0.011037,65674.0,0.0110429,44581.0,0.0110369,76587.0,0.011043,909.0,0.0110365,99076.0,0.0110431,40625.0,0.0110364,92431.0,0.0110432,110782.0,0.0110362,249618.0,0.0110433,76310.0,0.011036,63318.0,0.0110434,20760.0,0.0110359,19740.0,0.0110435,15248.0,0.0110358,283470.0
45,1722470424992699,0.0110404,133463.0,0.0110403,270246.0,0.0110405,92085.0,0.0110402,79027.0,0.011041,160875.0,0.0110394,44136.0,0.0110411,63588.0,0.0110393,151878.0,0.0110413,149760.0,0.0110392,56623.0,0.0110415,4260.0,0.0110388,59430.0,0.0110416,113791.0,0.0110386,82617.0,0.011042,59430.0,0.0110385,215405.0,0.0110421,18405.0,0.0110384,86711.0,0.0110422,268659.0,0.0110383,25786.0,0.0110423,712.0,0.0110382,102775.0,0.0110424,62692.0,0.0110381,77932.0,0.0110425,37934.0,0.011038,105817.0,0.0110426,157699.0,0.0110379,193214.0,0.0110427,20760.0,0.0110378,36230.0,0.0110428,37934.0,0.0110377,130646.0,0.0110429,724674.0,0.0110376,354290.0,0.011043,909.0,0.0110375,102775.0,0.0110431,4619.0,0.0110374,97712.0,0.0110432,228502.0,0.0110373,1495.0,0.0110433,76310.0,0.0110372,158506.0,0.0110435,15248.0,0.0110371,23473.0,0.0110436,42495.0,0.011037,65674.0,0.0110438,17936.0,0.0110369,21986.0,0.0110439,93650.0,0.0110367,163569.0
46,1722470425462769,0.0110372,203884.0,0.0110371,172157.0,0.0110374,174903.0,0.0110368,59430.0,0.0110375,373735.0,0.0110364,59430.0,0.0110379,155020.0,0.0110362,36230.0,0.0110384,59430.0,0.011036,59430.0,0.0110385,42471.0,0.0110357,158590.0,0.0110386,198924.0,0.0110355,99076.0,0.0110387,102775.0,0.0110354,62016.0,0.0110388,129174.0,0.0110352,138215.0,0.0110391,91685.0,0.0110351,125703.0,0.0110392,201024.0,0.011035,26498.0,0.0110393,421119.0,0.0110349,14201.0,0.0110394,52245.0,0.0110347,72479.0,0.0110395,290831.0,0.0110346,62016.0,0.0110396,59430.0,0.0110344,75796.0,0.0110397,26664.0,0.0110343,117814.0,0.0110398,759094.0,0.011034,150988.0,0.01104,149163.0,0.0110339,35778.0,0.0110401,595424.0,0.0110338,216749.0,0.0110402,1495.0,0.0110337,19740.0,0.0110403,302064.0,0.0110336,73014.0,0.0110404,359430.0,0.0110334,11453.0,0.0110408,59430.0,0.0110333,47385.0,0.0110411,54601.0,0.0110332,100000.0,0.0110412,875038.0,0.0110331,463.0
47,1722470425984474,0.0110341,446894.0,0.011034,1744.0,0.0110347,47141.0,0.0110338,90439.0,0.0110348,274277.0,0.0110333,748.0,0.011035,224077.0,0.0110329,1496.0,0.0110351,174954.0,0.0110328,1745.0,0.0110352,313526.0,0.0110327,46707.0,0.0110353,300000.0,0.0110326,19740.0,0.0110354,217561.0,0.0110322,44326.0,0.0110355,284360.0,0.0110318,27282.0,0.0110356,52245.0,0.0110317,455.0,0.0110357,137774.0,0.0110316,1745.0,0.0110358,53741.0,0.0110315,63862.0,0.011036,69430.0,0.0110314,36230.0,0.0110363,90831.0,0.0110313,572383.0,0.0110364,59430.0,0.0110312,119038.0,0.0110368,59430.0,0.0110311,230852.0,0.0110369,41649.0,0.011031,83052.0,0.011037,363479.0,0.0110309,7149.0,0.0110371,104142.0,0.0110308,917.0,0.0110372,311350.0,0.0110307,1496.0,0.0110374,1000000.0,0.0110306,1812.0,0.0110375,373735.0,0.0110305,7861.0,0.0110377,463.0,0.0110304,21485.0,0.0110378,90831.0,0.0110303,173025.0,0.0110379,52245.0,0.0110299,46643.0
48,1722470426453717,0.0110341,251675.0,0.011034,199229.0,0.0110343,11127.0,0.0110338,90439.0,0.0110344,233799.0,0.0110333,748.0,0.0110346,52245.0,0.0110332,59430.0,0.0110352,214450.0,0.0110329,27282.0,0.0110354,42198.0,0.0110328,27531.0,0.0110355,76540.0,0.0110327,72493.0,0.0110356,52245.0,0.0110326,45526.0,0.0110357,34999.0,0.0110324,25786.0,0.0110358,1496.0,0.0110323,25786.0,0.0110359,40153.0,0.0110322,80556.0,0.011036,59430.0,0.0110318,1496.0,0.0110362,178857.0,0.0110317,455.0,0.0110364,59430.0,0.0110316,1745.0,0.0110365,26664.0,0.0110315,19740.0,0.0110366,45313.0,0.0110314,36230.0,0.0110368,59430.0,0.0110312,222921.0,0.0110369,159435.0,0.0110311,230852.0,0.011037,363479.0,0.0110308,917.0,0.0110371,104142.0,0.0110307,91601.0,0.0110372,265886.0,0.0110306,1812.0,0.0110375,428321.0,0.0110305,712.0,0.0110377,463.0,0.0110304,84540.0,0.0110378,90831.0,0.0110303,173025.0,0.011038,1496.0,0.0110299,46643.0
49,1722470426972229,0.0110282,135822.0,0.0110281,45581.0,0.0110284,31289.0,0.011028,1746.0,0.0110285,169968.0,0.0110279,109915.0,0.0110286,75715.0,0.0110275,137843.0,0.011029,82842.0,0.0110274,202501.0,0.0110291,46625.0,0.0110272,1919.0,0.0110292,394322.0,0.0110268,21486.0,0.0110293,21135.0,0.0110267,201569.0,0.0110294,255330.0,0.0110266,3073.0,0.0110295,57075.0,0.0110265,4914.0,0.0110296,108792.0,0.0110264,531.0,0.0110297,35417.0,0.0110263,1496.0,0.0110298,36230.0,0.0110262,103943.0,0.01103,85216.0,0.0110261,23664.0,0.0110302,25786.0,0.011026,651534.0,0.0110303,13752.0,0.0110258,291130.0,0.0110304,177855.0,0.0110257,19738.0,0.0110305,68266.0,0.0110256,1746.0,0.0110306,36230.0,0.0110255,45026.0,0.0110307,468877.0,0.0110253,92842.0,0.0110309,32641.0,0.0110252,1497.0,0.011031,46404.0,0.011025,12441.0,0.0110311,59743.0,0.0110249,363479.0,0.0110312,29253.0,0.0110248,90153.0,0.0110313,32641.0,0.0110246,19738.0
50,1722470427490139,0.0110345,376544.0,0.0110344,288649.0,0.0110347,1496.0,0.0110343,46135.0,0.0110351,51412.0,0.0110342,46135.0,0.0110358,2993.0,0.0110339,148910.0,0.0110359,5157.0,0.0110338,82415.0,0.011036,10000.0,0.0110337,46201.0,0.0110361,75164.0,0.0110336,176452.0,0.0110362,1106087.0,0.0110335,194045.0,0.0110364,29588.0,0.0110334,118935.0,0.0110366,20760.0,0.0110333,192327.0,0.0110367,45312.0,0.0110332,192258.0,0.0110369,1496.0,0.0110331,264504.0,0.011037,41387.0,0.011033,52390.0,0.0110371,47245.0,0.0110329,118935.0,0.0110372,106456.0,0.0110326,27328.0,0.0110373,117782.0,0.0110325,52245.0,0.0110376,1745.0,0.0110324,68635.0,0.0110377,463.0,0.0110322,139005.0,0.0110378,81085.0,0.0110321,195246.0,0.011038,1496.0,0.011032,99076.0,0.0110381,5157.0,0.0110319,140935.0,0.0110382,19740.0,0.0110318,61521.0,0.0110384,46958.0,0.0110314,45476.0,0.0110385,60313.0,0.0110313,94964.0,0.0110386,92630.0,0.0110312,219438.0
51,1722470427957189,0.0110391,45126.0,0.011039,422770.0,0.0110398,17939.0,0.0110389,297150.0,0.01104,748.0,0.0110388,86423.0,0.0110402,1495.0,0.0110387,294045.0,0.0110404,100000.0,0.0110383,196342.0,0.0110405,22788.0,0.0110382,346150.0,0.0110406,5157.0,0.0110379,390237.0,0.0110411,58347.0,0.0110378,151880.0,0.0110412,47038.0,0.0110377,332393.0,0.0110413,59842.0,0.0110376,324862.0,0.0110415,17271.0,0.0110375,3664.0,0.0110416,54361.0,0.0110374,5823.0,0.0110417,11917.0,0.011037,36230.0,0.0110418,248726.0,0.0110366,44143.0,0.0110419,167641.0,0.0110365,180806.0,0.011042,23164.0,0.0110364,175047.0,0.0110421,18405.0,0.0110362,291965.0,0.0110422,39064.0,0.011036,155020.0,0.0110423,1175.0,0.0110359,19740.0,0.0110424,5006.0,0.0110358,112037.0,0.0110425,32634.0,0.0110354,126759.0,0.0110426,29517.0,0.0110351,346422.0,0.0110427,85525.0,0.011035,177932.0,0.0110428,535379.0,0.0110348,363479.0,0.0110429,381417.0,0.0110347,365454.0
52,1722470428478604,0.0110391,208008.0,0.011039,76066.0,0.0110396,4620.0,0.0110384,110767.0,0.0110397,54581.0,0.0110383,99319.0,0.0110398,17939.0,0.0110382,146150.0,0.01104,60178.0,0.0110379,201851.0,0.0110402,1495.0,0.0110378,88475.0,0.0110403,44143.0,0.0110377,137774.0,0.0110404,100000.0,0.0110376,99076.0,0.0110405,22788.0,0.0110374,26695.0,0.0110406,5157.0,0.0110373,21235.0,0.0110407,19819.0,0.011037,36230.0,0.0110408,44143.0,0.0110366,86004.0,0.0110409,67420.0,0.0110365,180806.0,0.011041,7245.0,0.0110364,175047.0,0.0110411,68342.0,0.0110362,409759.0,0.0110412,71958.0,0.011036,155020.0,0.0110413,15247.0,0.0110359,19740.0,0.0110414,9931.0,0.0110358,112037.0,0.0110415,75618.0,0.0110354,36693.0,0.0110416,54361.0,0.0110352,86004.0,0.0110417,374269.0,0.0110351,346422.0,0.0110418,248726.0,0.011035,177932.0,0.0110419,167641.0,0.0110349,163567.0,0.011042,23164.0,0.0110348,363479.0,0.0110421,18405.0,0.0110347,158120.0
53,1722470429002300,0.0110381,354282.0,0.011038,90833.0,0.0110382,71127.0,0.0110378,52245.0,0.0110383,149403.0,0.0110374,909.0,0.0110384,98384.0,0.0110373,1495.0,0.0110386,208690.0,0.0110369,166972.0,0.0110387,46645.0,0.0110368,25786.0,0.0110389,220607.0,0.0110365,180806.0,0.011039,129999.0,0.0110362,61163.0,0.0110391,251206.0,0.011036,155020.0,0.0110392,59430.0,0.0110359,250527.0,0.0110396,59430.0,0.0110358,104233.0,0.0110397,54581.0,0.0110356,86010.0,0.0110398,17939.0,0.0110354,36693.0,0.01104,60178.0,0.0110353,120234.0,0.0110402,1495.0,0.0110352,481284.0,0.0110404,44143.0,0.0110351,346422.0,0.0110405,22788.0,0.011035,177932.0,0.0110406,5157.0,0.0110347,113191.0,0.0110407,44143.0,0.0110346,375898.0,0.0110408,4620.0,0.0110345,254096.0,0.0110409,538464.0,0.0110344,301851.0,0.011041,251769.0,0.0110343,90439.0,0.0110411,19740.0,0.011034,1496.0,0.0110412,93896.0,0.0110339,102775.0,0.0110413,7561.0,0.0110338,36230.0
54,1722470429474135,0.0110379,240041.0,0.0110378,55823.0,0.011038,91932.0,0.0110375,88017.0,0.0110381,76891.0,0.0110374,137719.0,0.0110383,149403.0,0.0110367,155814.0,0.0110384,33945.0,0.0110365,155020.0,0.0110388,59430.0,0.0110362,61163.0,0.011039,34999.0,0.0110361,101856.0,0.0110391,31566.0,0.011036,180806.0,0.0110392,59430.0,0.0110359,45526.0,0.0110395,44143.0,0.0110358,130019.0,0.0110396,59430.0,0.0110355,25786.0,0.0110397,54581.0,0.0110354,109345.0,0.0110398,26664.0,0.0110353,140019.0,0.0110399,58357.0,0.0110352,181194.0,0.01104,60178.0,0.0110351,255591.0,0.0110401,368774.0,0.011035,217807.0,0.0110402,1495.0,0.0110348,185634.0,0.0110403,178567.0,0.0110347,368636.0,0.0110405,22788.0,0.0110346,375898.0,0.0110406,5157.0,0.0110345,344170.0,0.0110407,117746.0,0.0110344,301851.0,0.0110408,4620.0,0.0110343,90439.0,0.0110409,58357.0,0.011034,1496.0,0.011041,251769.0,0.0110339,102775.0,0.0110411,78097.0,0.0110338,36230.0
55,1722470429999897,0.0110356,336749.0,0.0110355,4713.0,0.0110358,31289.0,0.0110345,151321.0,0.011036,145149.0,0.0110344,201851.0,0.0110361,46073.0,0.0110343,90439.0,0.0110362,208102.0,0.011034,96146.0,0.0110363,135492.0,0.0110339,128561.0,0.0110364,59430.0,0.0110338,81756.0,0.0110365,26664.0,0.0110336,30943.0,0.0110366,13752.0,0.0110332,51183.0,0.0110368,161212.0,0.0110331,463.0,0.0110369,29338.0,0.011033,36230.0,0.0110372,59430.0,0.0110329,1496.0,0.0110373,512752.0,0.0110327,137572.0,0.0110375,52245.0,0.0110326,46748.0,0.0110376,421475.0,0.0110325,25157.0,0.0110377,69998.0,0.0110324,60831.0,0.0110378,94725.0,0.0110322,36230.0,0.0110379,200000.0,0.0110321,27999.0,0.011038,156161.0,0.0110318,59282.0,0.0110383,90831.0,0.0110316,454.0,0.0110388,59430.0,0.0110315,66330.0,0.011039,34999.0,0.0110314,69952.0,0.0110391,31566.0,0.0110313,46755.0,0.0110392,59430.0,0.0110312,1190.0,0.0110395,44143.0,0.0110311,72237.0
